-0.0067269746,0.0214252938,0.0035645086,0.0127312550,-0.0008527418
0.0046410742,0.0266388953,-0.0156627093,0.0221567266,-0.0216131248
0.0064422167,0.0279914476,-0.0154162962,0.0216896981,-0.0234088674
0.0064422167,0.0279914476,-0.0154162962,0.0216896981,-0.0234088674
0.0046410742,0.0266388953,-0.0156627093,0.0221567266,-0.0216131248
0.0108509865,0.0328265689,-0.0245808773,0.0245402455,-0.0296730958
-0.0010661674,0.0231786687,-0.0043627769,0.0202779751,-0.0100423284
-0.0035699676,0.0242917947,-0.0077591259,0.0151844416,-0.0118298968
-0.0066842055,0.0258659590,-0.0041435016,0.0129524842,-0.0094954493
-0.0014944330,0.0221253671,-0.0086599840,0.0199966505,-0.0111794621
-0.0018645972,0.0201216023,-0.0069621280,0.0184357166,-0.0095110824
-0.0074126245,0.0254543014,-0.0016535465,0.0117530925,-0.0092367865
-0.0086865816,0.0259683579,0.0005583290,0.0103315525,-0.0057551637
-0.0076472042,0.0293571725,-0.0021245473,0.0108656324,-0.0091664419
-0.0082363095,0.0290699601,0.0003962503,0.0099331066,-0.0087633133
-0.0040614177,0.0219118744,-0.0031452815,0.0185574442,-0.0090899039
-0.0047280509,0.0186769143,-0.0005790540,0.0156472754,-0.0065989951
-0.0086865816,0.0259683579,0.0005583290,0.0103315525,-0.0057551637
-0.0054023960,0.0229406506,-0.0016158577,0.0147623606,-0.0084988754
-0.0047280509,0.0186769143,-0.0005790540,0.0156472754,-0.0065989951
-0.0040614177,0.0219118744,-0.0031452815,0.0185574442,-0.0090899039
-0.0037981858,0.0238577537,-0.0036040549,0.0150019163,-0.0095291883
-0.0021315254,0.0231850017,-0.0029001550,0.0168689117,-0.0082848109
-0.0028722722,0.0203350633,-0.0006471369,0.0177432783,-0.0068612965
-0.0004934769,0.0213485360,-0.0039700167,0.0214170106,-0.0116868950
-0.0026508074,0.0172037240,-0.0022331383,0.0162540935,-0.0064192344
-0.0026508074,0.0172037240,-0.0022331383,0.0162540935,-0.0064192344
-0.0060522957,0.0232911129,0.0021092123,0.0107665984,-0.0075484794
-0.0079464801,0.0264864564,0.0025172206,0.0089857364,-0.0034062881
-0.0044612456,0.0230308026,0.0003887379,0.0118076308,-0.0075384867
-0.0043857615,0.0217003338,-0.0000863441,0.0157164037,-0.0066920547
-0.0087768147,0.0258937962,0.0010303480,0.0093846750,-0.0057714917
-0.0080000032,0.0248904712,0.0008992269,0.0096036913,-0.0046041487
-0.0079518165,0.0261471104,-0.0004656836,0.0096817911,-0.0078745298
-0.0030545779,0.0217397623,-0.0048073209,0.0211658031,-0.0109443646
-0.0099148639,0.0313898958,0.0103481095,0.0060338126,-0.0016868827
-0.0077828234,0.0247472469,0.0004355768,0.0095631126,-0.0058995802
-0.0032301787,0.0216028504,-0.0020303898,0.0175384730,-0.0097179599
-0.0072129667,0.0268774256,0.0024350653,0.0065944726,-0.0059719435
-0.0017146766,0.0227762014,-0.0058820168,0.0140340878,-0.0089196749
-0.0089283725,0.0311701614,0.0144980131,0.0056281332,0.0023180698
-0.0084699448,0.0338496268,0.0154193845,0.0044797836,0.0019900929
0.0022047749,0.0225702096,-0.0120790023,0.0212449469,-0.0168201122
-0.0072129667,0.0268774256,0.0024350653,0.0065944726,-0.0059719435
-0.0016559849,0.0227600131,-0.0060172863,0.0140417786,-0.0088795442
0.0023069854,0.0225831363,-0.0123696690,0.0212746263,-0.0168139432
-0.0017487486,0.0227745473,-0.0058063082,0.0140165910,-0.0089281239
-0.0025092098,0.0245277286,-0.0051076314,0.0115662124,-0.0079937484
-0.0056001730,0.0202169996,0.0011041064,0.0080058156,-0.0038975475
-0.0034462528,0.0202239938,-0.0009535552,0.0167810377,-0.0056447019
-0.0017352162,0.0211799629,-0.0017967647,0.0152526516,-0.0067709298
-0.0034315686,0.0202202853,-0.0010194340,0.0168031529,-0.0056493753
-0.0017213263,0.0211947095,-0.0018649857,0.0152763119,-0.0067714197
0.0003579527,0.0240440927,-0.0088783298,0.0222602263,-0.0148981344
0.0077877352,0.0227166060,-0.0159124471,0.0264250934,-0.0216675568
0.0003579527,0.0240440927,-0.0088783298,0.0222602263,-0.0148981344
0.0056369826,0.0215177871,-0.0133752404,0.0218916312,-0.0181580856
0.0041798372,0.0182544217,-0.0104169212,0.0208416283,-0.0151304193
-0.0005164144,0.0243034363,-0.0053545125,0.0136281205,-0.0113761798
-0.0052393447,0.0300622452,0.0034900340,0.0075731440,-0.0100495890
-0.0053494629,0.0309761651,-0.0012493026,0.0109130014,-0.0115646049
-0.0045201126,0.0249693990,-0.0025107744,0.0132878330,-0.0108120227
0.0019958359,0.0261571705,-0.0108584557,0.0154075390,-0.0156632885
-0.0064714071,0.0375236385,0.0211892296,0.0043155714,0.0064156335
-0.0080547612,0.0286807511,0.0078465231,0.0052223317,-0.0032665115
-0.0080547612,0.0286807511,0.0078465231,0.0052223317,-0.0032665115
-0.0037245122,0.0255733021,-0.0021036444,0.0101632802,-0.0061798869
-0.0036194040,0.0261539128,-0.0022360706,0.0106463023,-0.0076845214
-0.0027545262,0.0241338443,-0.0020899102,0.0112150377,-0.0063393512
-0.0066055581,0.0384922847,0.0163813569,0.0009950902,-0.0052521895
-0.0063731023,0.0237410665,0.0031083459,0.0075946478,-0.0023867204
-0.0063731023,0.0237410665,0.0031083459,0.0075946478,-0.0023867204
-0.0077806734,0.0324446447,0.0156414397,0.0030599793,0.0034445203
-0.0076831891,0.0214102920,0.0024899058,0.0089916820,0.0000339625
-0.0086659528,0.0214507505,0.0047711427,0.0096091907,0.0013032891
-0.0027022215,0.0213133022,-0.0028461260,0.0133700902,-0.0035671750
-0.0068662027,0.0258460585,0.0053549823,0.0072312574,-0.0019428902
-0.0068662027,0.0258460585,0.0053549823,0.0072312574,-0.0019428902
-0.0051705958,0.0194632653,-0.0022073211,0.0136791673,-0.0033780066
-0.0051304465,0.0294508189,0.0056502409,0.0070865564,-0.0045113955
-0.0074512139,0.0192477461,0.0021182224,0.0101087205,-0.0023759808
-0.0074512139,0.0192477461,0.0021182224,0.0101087205,-0.0023759808
-0.0051304465,0.0294508189,0.0056502409,0.0070865564,-0.0045113955
-0.0067924643,0.0224548597,0.0044872630,0.0075391522,-0.0014351644
-0.0063786921,0.0287648886,0.0097085750,0.0080789272,-0.0012169825
-0.0039585205,0.0312677696,0.0064543760,0.0073714927,-0.0044899615
-0.0065225707,0.0345464014,0.0091026351,0.0055007041,-0.0047978009
-0.0086836200,0.0349627547,0.0115983933,0.0027470714,-0.0021971855
-0.0074469792,0.0347951278,0.0065630795,0.0051995656,-0.0054720994
-0.0073869075,0.0348033048,0.0062313695,0.0053123566,-0.0054380633
-0.0058630118,0.0285360776,0.0050399913,0.0068905028,-0.0029237480
-0.0061264439,0.0218111463,0.0056781080,0.0101546403,-0.0002700053
-0.0086118393,0.0235787444,0.0039048700,0.0096972873,-0.0012083254
-0.0095583154,0.0235066786,0.0041861348,0.0085121607,-0.0009696358
-0.0095583154,0.0235066786,0.0041861348,0.0085121607,-0.0009696358
-0.0080266651,0.0222697817,0.0065962886,0.0099665467,-0.0009106942
-0.0026173503,0.0239254646,-0.0062971888,0.0171404444,-0.0086269826
-0.0040186141,0.0303167887,0.0146657741,0.0042448216,0.0001465655
-0.0040186141,0.0303167887,0.0146657741,0.0042448216,0.0001465655
0.0001551947,0.0258495733,-0.0085181324,0.0103088729,-0.0123816896
-0.0041333204,0.0266942177,-0.0048814188,0.0108806733,-0.0111695211
-0.0054969210,0.0215023216,0.0001353202,0.0105379792,-0.0061690593
-0.0058601885,0.0315436050,0.0100897206,0.0072218748,-0.0029477566
-0.0058799335,0.0279485863,0.0103099057,0.0039504785,-0.0008480502
-0.0067107589,0.0172242951,0.0034998045,0.0091347378,0.0005942327
-0.0054762126,0.0160867590,-0.0014963187,0.0144006740,-0.0025549158
-0.0031567528,0.0159066841,-0.0051598400,0.0157203879,-0.0044205743
-0.0047462783,0.0239290241,0.0092487345,0.0056202570,-0.0001194351
-0.0003446662,0.0225438196,-0.0105780764,0.0166791659,-0.0109358709
-0.0055694692,0.0263759438,-0.0028226911,0.0106789824,-0.0079941964
-0.0018790895,0.0270439368,-0.0056762593,0.0109670078,-0.0079069305
-0.0057995236,0.0215479806,0.0002870397,0.0091079241,-0.0037816369
0.0042162370,0.0291241854,-0.0121405106,0.0155741852,-0.0128265461
0.0003999383,0.0220635422,-0.0084275668,0.0216215644,-0.0131511092
-0.0027864063,0.0189827960,0.0000338937,0.0157727897,-0.0066188825
0.0049231453,0.0249275081,-0.0114108194,0.0155408299,-0.0103409924
-0.0027864063,0.0189827960,0.0000338937,0.0157727897,-0.0066188825
0.0071887546,0.0289702713,-0.0114943618,0.0172198340,-0.0130133945
0.0003999383,0.0220635422,-0.0084275668,0.0216215644,-0.0131511092
0.0072549758,0.0289740935,-0.0116502158,0.0172699988,-0.0129924426
-0.0016018841,0.0245646462,-0.0072428915,0.0126454392,-0.0103920959
0.0028522492,0.0246648155,-0.0074283821,0.0151258539,-0.0130714970
-0.0032645920,0.0223171040,0.0005135067,0.0147457756,-0.0048576044
0.0004624592,0.0234480500,-0.0057510445,0.0196469855,-0.0103808176
-0.0022267834,0.0185263250,0.0125231091,-0.0005096053,0.0076455995
-0.0022267834,0.0185263250,0.0125231091,-0.0005096053,0.0076455995
-0.0008633898,0.0117663462,0.0081504975,0.0046856022,0.0094885826
0.0037319274,0.0108867539,0.0051716105,0.0072086286,0.0069502839
0.0002551246,0.0109839151,0.0093721850,0.0051183491,0.0103506315
-0.0019856445,0.0347569212,0.0324150175,0.0031149345,0.0267802756
0.0037319274,0.0108867539,0.0051716105,0.0072086286,0.0069502839
0.0002551246,0.0109839151,0.0093721850,0.0051183491,0.0103506315
0.0031841877,0.0104571953,0.0057416749,0.0085225245,0.0070825727
0.0012626434,0.0172156058,0.0137538519,0.0036043120,0.0108863553
0.0012626434,0.0172156058,0.0137538519,0.0036043120,0.0108863553
0.0001288215,0.0175901037,0.0162665620,0.0021165721,0.0131745553
-0.0005903358,0.0224361215,0.0214747135,0.0016117888,0.0174229406
-0.0002721667,0.0215207841,0.0208460055,0.0018447347,0.0151304994
-0.0009786467,0.0267150681,0.0259244461,0.0020299549,0.0200505704
-0.0004301963,0.0235319659,0.0230769999,0.0012191848,0.0173872150
-0.0002408803,0.0215092301,0.0209271833,0.0018576579,0.0151176490
-0.0005006837,0.0223922599,0.0216222759,0.0016228522,0.0174539182
-0.0007462108,0.0191567671,0.0173616558,0.0010063755,0.0126275346
-0.0007462108,0.0191567671,0.0173616558,0.0010063755,0.0126275346
-0.0030546600,0.0272823349,0.0255702697,0.0040424038,0.0251732320
0.0005204619,0.0184641797,0.0148385819,0.0029844055,0.0101054236
-0.0000755219,0.0195594635,0.0161452927,0.0014234940,0.0104698949
-0.0019527477,0.0262951907,0.0243578460,0.0026508386,0.0215608459
0.0003375420,0.0202933438,0.0171689112,0.0009275521,0.0117564499
0.0018677255,0.0179276783,0.0136047155,0.0032055827,0.0093086418
-0.0019527477,0.0262951907,0.0243578460,0.0026508386,0.0215608459
0.0018765985,0.0179218240,0.0136291608,0.0031978104,0.0093149571
0.0005830200,0.0194505788,0.0208541714,0.0020047668,0.0156667568
0.0004191457,0.0164527558,0.0138150118,0.0025395518,0.0099903261
0.0022819049,0.0129132252,0.0076515977,0.0040802569,0.0065844888
-0.0008792146,0.0239409916,0.0227098335,0.0019015828,0.0175949689
-0.0023086125,0.0267514456,0.0288141966,0.0046786736,0.0254122335
0.0004116448,0.0150362663,0.0121599063,0.0025167738,0.0089708101
0.0004116448,0.0150362663,0.0121599063,0.0025167738,0.0089708101
0.0029943299,0.0138924140,0.0093574598,0.0035946507,0.0067678695
-0.0000124227,0.0210622549,0.0208622590,0.0014032184,0.0159124807
-0.0002983497,0.0186547171,0.0170797855,0.0013134375,0.0127535732
-0.0001786726,0.0205817763,0.0198964346,0.0004661763,0.0149986688
-0.0015817957,0.0253585055,0.0234482177,0.0026663453,0.0204715412
-0.0005798523,0.0202782340,0.0196345150,0.0017702414,0.0170163102
0.0004812342,0.0253646448,0.0243461095,0.0003888267,0.0153199267
0.0004812342,0.0253646448,0.0243461095,0.0003888267,0.0153199267
-0.0010852043,0.0237599872,0.0226616487,0.0017003235,0.0173822083
-0.0010852043,0.0237599872,0.0226616487,0.0017003235,0.0173822083
-0.0029488793,0.0292943418,0.0256524794,0.0028454345,0.0240473673
0.0009529728,0.0252543837,0.0251836441,0.0005687294,0.0168165341
-0.0021419409,0.0263852440,0.0241929721,0.0024487390,0.0212407857
0.0005573663,0.0266119726,0.0252674911,0.0002034134,0.0159079041
0.0004493285,0.0264233816,0.0262208357,0.0015987125,0.0183677860
-0.0014957737,0.0235035010,0.0248923339,0.0030661630,0.0209159423
-0.0000950538,0.0269680358,0.0250488836,0.0011452585,0.0176532492
-0.0000950538,0.0269680358,0.0250488836,0.0011452585,0.0176532492
0.0003492841,0.0286155026,0.0251014531,-0.0003451416,0.0157725178
-0.0028668090,0.0352345817,0.0340781473,0.0038849087,0.0287650228
0.0001016246,0.0311765037,0.0307887793,0.0012855902,0.0212620683
-0.0016228184,0.0277725644,0.0296197608,0.0029168157,0.0237164162
-0.0000091011,0.0294150002,0.0288064741,0.0014386000,0.0202821419
-0.0009691969,0.0241653584,0.0249423925,0.0022422210,0.0202404987
-0.0010441891,0.0287792422,0.0289360173,0.0013544112,0.0216691755
-0.0010441891,0.0287792422,0.0289360173,0.0013544112,0.0216691755
0.0008567560,0.0276133996,0.0287902076,0.0012917412,0.0194807295
0.0004247427,0.0233612563,0.0240463670,0.0018027397,0.0175898150
0.0007623113,0.0169271994,0.0183225535,0.0012197212,0.0137034394
0.0033717821,0.0246055387,0.0024052872,0.0163253751,-0.0127846375
0.0096926764,0.0321614668,-0.0053601898,0.0193808079,-0.0256391764
-0.0003873762,0.0146297682,0.0053119287,0.0119813327,-0.0001303449
0.0045228172,0.0218524542,0.0003893259,0.0125151118,-0.0140972398
0.0010455772,0.0158437453,0.0034681293,0.0124484329,-0.0051031103
0.0012440970,0.0164082143,0.0023909037,0.0136037432,-0.0063162204
0.0039304025,0.0220795739,-0.0004932727,0.0131952511,-0.0142167704
0.0047457800,0.0221519452,-0.0003000577,0.0125627443,-0.0153687801
0.0023114365,0.0182705205,0.0018706443,0.0129352491,-0.0096790399
0.0039304025,0.0220795739,-0.0004932727,0.0131952511,-0.0142167704
0.0012440970,0.0164082143,0.0023909037,0.0136037432,-0.0063162204
0.0023114365,0.0182705205,0.0018706443,0.0129352491,-0.0096790399
0.0047457800,0.0221519452,-0.0003000577,0.0125627443,-0.0153687801
0.0003569704,0.0150331212,0.0049633612,0.0126525816,-0.0032450578
0.0060930694,0.0224853456,-0.0005347291,0.0119068818,-0.0162542108
0.0035796789,0.0195748657,0.0012854692,0.0115411617,-0.0118411519
0.0028899554,0.0191030167,0.0020720093,0.0117458133,-0.0089888331
0.0003535666,0.0154540055,0.0044956417,0.0129122576,-0.0033993078
0.0020654295,0.0180804618,0.0027520782,0.0115478989,-0.0075430633
0.0022158907,0.0194291510,0.0024038609,0.0120259915,-0.0078570629
0.0031747287,0.0206648186,0.0016406919,0.0117636006,-0.0108624864
0.0027471329,0.0196020305,0.0025780597,0.0121568106,-0.0091233253
0.0027471329,0.0196020305,0.0025780597,0.0121568106,-0.0091233253
0.0053923312,0.0240733624,0.0010735355,0.0105367377,-0.0157330092
0.0060320338,0.0232896991,0.0009122649,0.0107617015,-0.0167040229
0.0053923312,0.0240733624,0.0010735355,0.0105367377,-0.0157330092
0.0045317113,0.0242072716,0.0005340781,0.0124689089,-0.0150991445
0.0060320338,0.0232896991,0.0009122649,0.0107617015,-0.0167040229
0.0060320338,0.0232896991,0.0009122649,0.0107617015,-0.0167040229
0.0045317113,0.0242072716,0.0005340781,0.0124689089,-0.0150991445
0.0028129444,0.0187147111,0.0029833899,0.0128280278,-0.0078066741
0.0065400293,0.0235779546,0.0005533006,0.0110162990,-0.0177894421
0.0034583914,0.0211107731,0.0014908756,0.0129141798,-0.0121088484
0.0033853385,0.0210620016,0.0016352925,0.0129025038,-0.0121021168
0.0008793278,0.0142792929,0.0058823265,0.0133771170,-0.0021697385
0.0030664643,0.0201831348,0.0017896001,0.0133517822,-0.0091791265
0.0030664643,0.0201831348,0.0017896001,0.0133517822,-0.0091791265
0.0044029625,0.0197034609,0.0018722070,0.0120111629,-0.0121726319
0.0016120030,0.0148777496,0.0056877276,0.0124755781,-0.0031757869
0.0054670172,0.0232360512,0.0000293795,0.0123327542,-0.0153743932
0.0056854594,0.0225944892,0.0000922559,0.0122045530,-0.0166931935
0.0047141374,0.0204472691,0.0014680126,0.0125173759,-0.0114163039
0.0057476209,0.0199042372,0.0016024592,0.0130151082,-0.0124188792
0.0025301091,0.0205330905,0.0017928118,0.0131761581,-0.0102330642
0.0174681656,0.0294440687,-0.0083996020,0.0169677157,-0.0233707316
0.0174386706,0.0294413511,-0.0082920687,0.0169583429,-0.0233653300
0.0228127111,0.0372423604,-0.0129333772,0.0176468510,-0.0338931158
0.0545094833,0.0778770596,-0.0411542356,0.0272985380,-0.0810529962
0.0060122786,0.0266828816,-0.0006912712,0.0217404384,-0.0139663927
0.0059658005,0.0266754776,-0.0005989634,0.0217304919,-0.0139600495
0.0129758185,0.0355023257,-0.0039743297,0.0100880517,-0.0294883884
0.0273337550,0.0461391881,-0.0179864280,0.0097894389,-0.0483872779
0.0225064382,0.0378112271,-0.0144805629,0.0114852190,-0.0399749428
0.0225064382,0.0378112271,-0.0144805629,0.0114852190,-0.0399749428
0.0005523525,0.0175215006,0.0054526040,0.0135111976,-0.0033279089
0.0007459428,0.0179807357,0.0037907506,0.0146665610,-0.0062763984
-0.0011233189,0.0159638245,0.0057129404,0.0101909321,-0.0013870990
0.0077354489,0.0293637831,-0.0031304965,0.0135185011,-0.0213272627
0.0077354489,0.0293637831,-0.0031304965,0.0135185011,-0.0213272627
0.0021283957,0.0188936479,0.0032383648,0.0143291168,-0.0098788934
0.0052093547,0.0241639949,0.0006864276,0.0127064586,-0.0159324072
0.0052093547,0.0241639949,0.0006864276,0.0127064586,-0.0159324072
0.0031121946,0.0200531986,0.0020268327,0.0140423421,-0.0093320059
0.0020778538,0.0211874396,0.0003201903,0.0184056330,-0.0111463461
0.0127910012,0.0325185433,-0.0070084389,0.0144057591,-0.0273660421
0.0045370553,0.0214204900,-0.0024248424,0.0187613070,-0.0134312287
0.0025739069,0.0213625003,0.0000104893,0.0180395022,-0.0120923631
0.0026470558,0.0213903449,-0.0001907814,0.0180617776,-0.0120806983
0.0046372353,0.0214409605,-0.0026204279,0.0187976025,-0.0134270135
0.0128971040,0.0325563177,-0.0072443872,0.0144246668,-0.0273596123
0.0038258205,0.0228957254,-0.0018820576,0.0198332481,-0.0164003670
0.0098467041,0.0292652547,-0.0064115128,0.0166447163,-0.0239130333
0.0022914081,0.0205603726,0.0000070734,0.0188190490,-0.0119709074
0.0023972127,0.0237452183,0.0000789789,0.0173000246,-0.0131236473
0.0038881612,0.0235997196,-0.0017483276,0.0176404417,-0.0168911368
0.0014100876,0.0201943032,-0.0002688733,0.0183140263,-0.0134398062
0.0023972127,0.0237452183,0.0000789789,0.0173000246,-0.0131236473
-0.0002505779,0.0203725267,0.0003337236,0.0185305364,-0.0127928937
-0.0013100114,0.0178009756,0.0030954448,0.0181745552,-0.0073673180
0.0033463002,0.0216755699,-0.0014171083,0.0185623895,-0.0164763313
-0.0029030691,0.0145975361,0.0045428304,0.0183870010,-0.0023691980
0.0340168551,0.0559013598,-0.0225500166,0.0012817103,-0.0650685355
-0.0029030691,0.0145975361,0.0045428304,0.0183870010,-0.0023691980
0.0328169242,0.0572999232,-0.0231680237,-0.0027581528,-0.0696575344
0.0152627602,0.0275020320,-0.0054377960,0.0081195123,-0.0254123844
0.0199069735,0.0314177833,-0.0099468110,0.0031248890,-0.0343741514
0.0159817711,0.0292201750,-0.0054892232,0.0081062885,-0.0280220918
0.0216681175,0.0332299173,-0.0104280245,0.0017593158,-0.0370206907
0.0207614191,0.0329703018,-0.0107861478,0.0072618905,-0.0340370983
0.0239806138,0.0363531336,-0.0132596167,0.0012108991,-0.0422838852
0.0214522351,0.0338898748,-0.0107872467,0.0001676725,-0.0379075035
0.0214522351,0.0338898748,-0.0107872467,0.0001676725,-0.0379075035
0.0132496357,0.0286432542,-0.0046571949,0.0084742699,-0.0257564224
0.0196598452,0.0343500972,-0.0116425147,0.0139119159,-0.0311818644
0.0246049836,0.0370461009,-0.0139059704,0.0022311779,-0.0425595269
0.0262056943,0.0377353355,-0.0143162739,0.0003208108,-0.0443982258
0.0214522351,0.0338898748,-0.0107872467,0.0001676725,-0.0379075035
0.0132496357,0.0286432542,-0.0046571949,0.0084742699,-0.0257564224
0.0262056943,0.0377353355,-0.0143162739,0.0003208108,-0.0443982258
0.0262056943,0.0377353355,-0.0143162739,0.0003208108,-0.0443982258
0.0246049836,0.0370461009,-0.0139059704,0.0022311779,-0.0425595269
0.0175503884,0.0313010477,-0.0080065168,0.0059392191,-0.0318775997
0.0166498385,0.0321465544,-0.0067515019,0.0082260277,-0.0305050202
0.0224533677,0.0355606079,-0.0117981108,0.0001514573,-0.0405502990
0.0224680584,0.0355695002,-0.0118469810,0.0001423592,-0.0405381396
0.0235093459,0.0377978459,-0.0129844388,-0.0001412770,-0.0432302728
0.0233946443,0.0359771848,-0.0133987395,0.0026673134,-0.0410913602
0.0210389383,0.0336315408,-0.0104988934,0.0066285115,-0.0348360352
0.0225706995,0.0362252630,-0.0121562779,0.0014017913,-0.0406918824
0.0195609685,0.0322651900,-0.0094524724,0.0052013714,-0.0336660109
0.0152494824,0.0293449126,-0.0058893203,0.0082375128,-0.0274516381
0.0237302762,0.0397426821,-0.0114929164,0.0113386456,-0.0397294834
0.0174424425,0.0286457893,-0.0081736911,0.0132505847,-0.0227703080
0.0180208534,0.0293104723,-0.0082408292,0.0135377944,-0.0230737664
0.0226630811,0.0359968990,-0.0121621089,0.0031866105,-0.0397360325
0.0241035409,0.0366252437,-0.0137623474,0.0004377123,-0.0425384268
0.0240637511,0.0362416506,-0.0129063120,-0.0007205410,-0.0423963256
0.0206591040,0.0330121182,-0.0101468172,0.0046234857,-0.0354664735
0.0181999728,0.0304625258,-0.0066385311,0.0103367763,-0.0283998493
0.0268764310,0.0379729010,-0.0153564531,-0.0003332216,-0.0466725007
0.0268764310,0.0379729010,-0.0153564531,-0.0003332216,-0.0466725007
0.0305264331,0.0434583090,-0.0179554224,-0.0043177903,-0.0537182204
0.0251445435,0.0383698829,-0.0148600787,0.0002993718,-0.0450246520
0.0196534600,0.0302900672,-0.0090623526,0.0106557803,-0.0270225722
0.0212048702,0.0333095454,-0.0103341043,0.0112842163,-0.0303372294
0.0220943354,0.0329545215,-0.0114077041,0.0032901950,-0.0368922278
0.0257312413,0.0377933979,-0.0131245237,0.0084617455,-0.0387033634
0.0309222862,0.0474419557,-0.0168790333,0.0106252553,-0.0485531837
0.0273091886,0.0369062498,-0.0153288208,-0.0002726614,-0.0448587611
0.0215679370,0.0318013728,-0.0109733259,0.0032321755,-0.0358563252
0.0311108083,0.0416006520,-0.0174729563,0.0056359638,-0.0481992662
0.0266297590,0.0383056700,-0.0134237055,0.0082085514,-0.0400501490
0.0201058034,0.0290620215,-0.0097918678,0.0052272659,-0.0322503820
0.0297943354,0.0403944775,-0.0149333822,0.0080456957,-0.0432688594
0.0309532862,0.0406064838,-0.0173723437,0.0060015600,-0.0461709201
0.0201524608,0.0270514488,-0.0084368531,0.0074355784,-0.0276540387
0.0223948359,0.0330327600,-0.0107673882,0.0143216075,-0.0279048439
0.0235762950,0.0352369547,-0.0117616504,0.0130832344,-0.0315076895
0.0230769571,0.0338654071,-0.0101802014,0.0119385757,-0.0325680748
0.0300323758,0.0406304374,-0.0156219844,0.0086523481,-0.0432532206
0.0261670053,0.0344954245,-0.0130845495,0.0055233110,-0.0379059464
0.0271273032,0.0362005346,-0.0128003089,0.0065062372,-0.0379315428
0.0272975527,0.0353367403,-0.0133029968,0.0071695531,-0.0391029939
0.0221726596,0.0341745615,-0.0104007842,0.0124286935,-0.0312328227
0.0224095173,0.0335876495,-0.0109142251,0.0138666425,-0.0281145833
0.0218170844,0.0328573138,-0.0109739713,0.0149583016,-0.0273856297
0.0288145356,0.0382248461,-0.0134043638,0.0061179083,-0.0405233428
-0.0039980365,0.0396441631,0.0223659463,-0.0039405935,0.0092638591
-0.0024926397,0.0353800617,0.0149211548,-0.0051748143,0.0015619288
-0.0048301723,0.0361933969,0.0190033261,-0.0035960446,0.0093221888
-0.0047369003,0.0361695215,0.0191688314,-0.0036386624,0.0093100835
-0.0047369003,0.0361695215,0.0191688314,-0.0036386624,0.0093100835
0.0071281153,0.0211293735,-0.0089054070,0.0031482095,-0.0167687256
0.0034036702,0.0249091238,-0.0049551171,0.0018574717,-0.0130226202
0.0109647457,0.0244120732,-0.0124498745,0.0077678226,-0.0183036365
0.0109647457,0.0244120732,-0.0124498745,0.0077678226,-0.0183036365
-0.0012897630,0.0361790359,0.0118445996,-0.0052404581,-0.0027172829
-0.0033967071,0.0350083560,0.0154401213,-0.0057656635,0.0025585350
-0.0031232594,0.0332917012,0.0143171139,-0.0057446901,0.0014507703
-0.0034013325,0.0328373536,0.0150496885,-0.0046910923,0.0035903533
0.0017489269,0.0340704881,0.0033278018,-0.0019810032,-0.0095057460
0.0013164068,0.0367513895,0.0035053836,-0.0028917743,-0.0115287723
0.0035388870,0.0394006744,0.0059375344,-0.0038737454,-0.0102811325
0.0012311740,0.0390771367,0.0085955933,-0.0049356041,-0.0070623616
-0.0008736583,0.0371816680,0.0098680314,-0.0055387416,-0.0047979280
-0.0044834092,0.0381466076,0.0192303397,-0.0044535738,0.0075840810
-0.0055569587,0.0414592102,0.0199727602,-0.0041693775,0.0100422315
-0.0027142947,0.0385357924,0.0177972876,-0.0067276359,0.0028510960
-0.0070199221,0.0474496335,0.0262803715,-0.0027526314,0.0184259117
-0.0011257590,0.0374748483,0.0113345627,-0.0054010516,-0.0024649331
-0.0021496806,0.0365802981,0.0125373062,-0.0055647735,-0.0013084328
-0.0021817647,0.0371461362,0.0147649776,-0.0062866588,0.0000086692
-0.0030115480,0.0344858244,0.0151531864,-0.0048583834,0.0037656859
-0.0023878091,0.0335214064,0.0133893359,-0.0049386611,0.0018381905
0.0074417442,0.0312562324,-0.0076067830,0.0026982427,-0.0173252076
0.0049955505,0.0315559469,-0.0036651688,0.0001864461,-0.0143451588
0.0034366772,0.0318855047,-0.0025546434,-0.0001156474,-0.0130142011
0.0002959506,0.0333217122,0.0061398624,-0.0033515766,-0.0056000482
-0.0019304068,0.0330519527,0.0119279800,-0.0043099793,0.0008605581
-0.0040510818,0.0341725051,0.0169616770,-0.0033417954,0.0084179016
-0.0050126859,0.0358188003,0.0174976550,-0.0026961346,0.0098068146
-0.0044776355,0.0368207693,0.0159716792,-0.0057873479,0.0041896300
-0.0003302754,0.0369045511,0.0096554104,-0.0057400484,-0.0043183239
0.0020952486,0.0349541418,0.0034118141,-0.0034992262,-0.0094371587
0.0016561844,0.0356413126,0.0031795788,-0.0028520632,-0.0105026271
0.0092715537,0.0302932989,-0.0106470045,0.0038468731,-0.0193612427
-0.0019702134,0.0309127830,0.0114417458,-0.0037138509,0.0015315071
-0.0019702134,0.0309127830,0.0114417458,-0.0037138509,0.0015315071
-0.0029174648,0.0296795759,0.0113479206,-0.0047687525,0.0005412542
0.0087499628,0.0254691914,-0.0115554547,0.0050914409,-0.0194136258
0.0050928360,0.0266854726,-0.0075045293,0.0032077702,-0.0147678871
0.0086665768,0.0255230777,-0.0113809565,0.0050604260,-0.0193163119
0.0049704881,0.0267322697,-0.0068353238,0.0030667533,-0.0148329446
0.0040817307,0.0299817957,-0.0049255593,0.0023209355,-0.0145383924
0.0015935511,0.0304917917,-0.0027950788,0.0003681560,-0.0124914953
0.0040817307,0.0299817957,-0.0049255593,0.0023209355,-0.0145383924
-0.0011128448,0.0324137434,0.0081345467,-0.0042271242,-0.0045593884
0.0000724336,0.0316112116,0.0007350431,-0.0019818661,-0.0105624348
0.0037599830,0.0315780826,-0.0037600975,0.0008035987,-0.0144913848
0.0086088330,0.0306266733,-0.0097749755,0.0045620371,-0.0199994966
0.0120859668,0.0287275240,-0.0114714680,0.0060278364,-0.0221572779
0.0090971431,0.0259896182,-0.0098413387,0.0066065546,-0.0189330187
0.0093312040,0.0258745551,-0.0106816879,0.0068242578,-0.0188005120
0.0029571410,0.0324663594,-0.0025765505,-0.0009397538,-0.0143683301
0.0030086553,0.0313240662,-0.0044591823,0.0002830871,-0.0147555405
0.0015408294,0.0342854410,0.0005466519,-0.0021465383,-0.0119870994
-0.0006560879,0.0399273485,0.0140936319,-0.0065940050,-0.0027759636
-0.0036766729,0.0369949266,0.0155577101,-0.0067226067,0.0010133891
0.0017626942,0.0358634889,0.0037143761,-0.0040272307,-0.0104309954
0.0012923940,0.0373855196,0.0091957813,-0.0046965890,-0.0063628303
0.0012923940,0.0373855196,0.0091957813,-0.0046965890,-0.0063628303
-0.0006560879,0.0399273485,0.0140936319,-0.0065940050,-0.0027759636
-0.0036766729,0.0369949266,0.0155577101,-0.0067226067,0.0010133891
0.0017626942,0.0358634889,0.0037143761,-0.0040272307,-0.0104309954
0.0024910807,0.0388267897,0.0047694631,-0.0045695608,-0.0110169146
0.0015707631,0.0372212231,0.0008158018,-0.0026940559,-0.0132231591
0.0015707631,0.0372212231,0.0008158018,-0.0026940559,-0.0132231591
0.0119751953,0.0324531384,-0.0133637292,0.0034429538,-0.0239368454
0.0036648610,0.0354256928,0.0009538461,-0.0023091575,-0.0128772818
0.0142566208,0.0253015943,-0.0152545162,0.0071384511,-0.0225545149
0.0082529914,0.0314160399,-0.0089694606,0.0025291378,-0.0183994733
0.0106738266,0.0330106728,-0.0126690501,0.0025347243,-0.0229703039
0.0173782073,0.0311714206,-0.0172859915,0.0064415010,-0.0293689296
0.0250953026,0.0295399334,-0.0213024262,0.0110772327,-0.0327871740
0.0218090247,0.0283582732,-0.0204100292,0.0101490468,-0.0302053094
0.0174345113,0.0283490326,-0.0176830161,0.0066720988,-0.0276756100
0.0144353798,0.0281707682,-0.0138911828,0.0060136854,-0.0233175755
0.0189562012,0.0265913624,-0.0165649988,0.0111537706,-0.0263923369
0.0191930495,0.0297292192,-0.0168676451,0.0080793556,-0.0285475142
0.0225210283,0.0306936055,-0.0189156737,0.0112159029,-0.0305103566
0.0096010827,0.0184773691,-0.0123597262,0.0067590070,-0.0165522750
0.0067625009,0.0203817599,-0.0053116065,0.0029354990,-0.0115001462
0.0122485133,0.0193664394,-0.0132524129,0.0094714463,-0.0161600485
0.0122485133,0.0193664394,-0.0132524129,0.0094714463,-0.0161600485
-0.0008883360,0.0318586715,0.0151645513,-0.0039841356,0.0025341390
0.0131699108,0.0238800291,-0.0114783924,0.0150005259,-0.0149610480
0.0011972683,0.0354960747,0.0178096984,-0.0044226050,0.0045930361
0.0011972683,0.0354960747,0.0178096984,-0.0044226050,0.0045930361
0.0003244847,0.0347882472,0.0166199282,-0.0045548892,0.0039602271
0.0019026794,0.0326502547,0.0097853988,-0.0042047035,-0.0022939786
0.0033315918,0.0349817127,0.0109262709,-0.0040334240,-0.0015828994
0.0104867276,0.0351518989,-0.0045602191,-0.0009723832,-0.0200803820
0.0102760494,0.0381228402,-0.0015843464,-0.0018525338,-0.0188183617
0.0076519875,0.0339507721,-0.0017171265,-0.0005618148,-0.0157905649
0.0068952949,0.0356355235,0.0017832210,-0.0015253909,-0.0139954090
0.0084691681,0.0281172376,-0.0114587024,0.0093646236,-0.0146170435
0.0066644647,0.0362815410,0.0003098790,-0.0016516210,-0.0130635528
0.0064527555,0.0353991203,0.0025096862,-0.0016738251,-0.0117267165
0.0056926208,0.0313659608,-0.0011242763,-0.0005170992,-0.0133044207
0.0078696497,0.0306487661,-0.0065164445,0.0006240527,-0.0183891691
0.0096821990,0.0306486618,-0.0120106526,0.0033552861,-0.0222438462
0.0040167486,0.0314344279,-0.0035457909,0.0005563842,-0.0135205919
0.0120749660,0.0307157338,-0.0133235762,0.0043894881,-0.0229713544
0.0101536773,0.0300917830,-0.0120843230,0.0033037104,-0.0221795589
0.0097879814,0.0297073592,-0.0131873284,0.0031208382,-0.0227255970
0.0070375134,0.0269355942,-0.0107622333,0.0030079016,-0.0183189493
0.0093479063,0.0268761124,-0.0121309375,0.0047680256,-0.0196290705
0.0075615929,0.0234372336,-0.0114828851,0.0062404657,-0.0160265341
0.0084311608,0.0310438070,-0.0089005083,0.0019452362,-0.0190622732
0.0084311608,0.0310438070,-0.0089005083,0.0019452362,-0.0190622732
0.0049142931,0.0380270071,0.0041019451,-0.0024637659,-0.0113081392
0.0084816506,0.0309953950,-0.0091636013,0.0020431862,-0.0190966241
0.0049079275,0.0380272716,0.0040972969,-0.0024598981,-0.0113183782
0.0084816506,0.0309953950,-0.0091636013,0.0020431862,-0.0190966241
0.0095261838,0.0331168026,-0.0112474505,0.0026777778,-0.0224910807
0.0059964638,0.0352248102,-0.0010817833,-0.0015485696,-0.0156260654
0.0015654289,0.0305739343,0.0047583464,-0.0017998270,-0.0063035074
0.0076060686,0.0335234590,-0.0066606640,0.0009211539,-0.0189677663
0.0029734881,0.0326044559,0.0015051756,-0.0019282040,-0.0103642335
0.0079306643,0.0317300409,-0.0105444957,0.0024196608,-0.0210121777
0.0129771037,0.0295886509,-0.0145618785,0.0056690956,-0.0234034918
0.0086773280,0.0292454790,-0.0094994353,0.0033865010,-0.0183945000
0.0042498391,0.0293403566,-0.0038037011,0.0005816091,-0.0131695326
0.0052934373,0.0302859209,-0.0072452147,0.0017445963,-0.0157941356
0.0065424847,0.0297634341,-0.0083870497,0.0032040144,-0.0169595517
0.0031276811,0.0272105373,-0.0042104013,0.0009817490,-0.0129233394
-0.0008469163,0.0620566085,0.0597488470,0.0073103979,0.0544852391
0.0006628169,0.0578270964,0.0567618348,0.0058648605,0.0500527024
0.0027115454,0.0502062663,0.0502049327,0.0050048567,0.0426359251
0.0027115454,0.0502062663,0.0502049327,0.0050048567,0.0426359251
0.0016949037,0.0537889786,0.0526657701,0.0049992995,0.0458383560
0.0007443412,0.0548680723,0.0524809957,0.0060262512,0.0472563766
0.0045547341,0.0451728776,0.0464252830,0.0028215777,0.0371103808
0.0045547341,0.0451728776,0.0464252830,0.0028215777,0.0371103808
0.0025473868,0.0525459908,0.0502844527,0.0043064319,0.0438336059
-0.0022357460,0.0634922087,0.0583076477,0.0071548279,0.0554451533
-0.0028255521,0.0613878220,0.0569394492,0.0074071502,0.0538684130
-0.0028255521,0.0613878220,0.0569394492,0.0074071502,0.0538684130
-0.0004259141,0.0589259155,0.0547035970,0.0059968233,0.0503381565
0.0020586897,0.0523343310,0.0505623817,0.0046380442,0.0443509966
-0.0002017380,0.0606436357,0.0563031472,0.0056432486,0.0516704172
-0.0002017380,0.0606436357,0.0563031472,0.0056432486,0.0516704172
-0.0050776266,0.0713103861,0.0649835393,0.0083084423,0.0630693883
0.0010061029,0.0570235476,0.0537232719,0.0052306633,0.0484145321
0.0017463851,0.0551752150,0.0524694510,0.0055456320,0.0470407754
-0.0050776266,0.0713103861,0.0649835393,0.0083084423,0.0630693883
-0.0002017380,0.0606436357,0.0563031472,0.0056432486,0.0516704172
-0.0002017380,0.0606436357,0.0563031472,0.0056432486,0.0516704172
0.0010061029,0.0570235476,0.0537232719,0.0052306633,0.0484145321
0.0017463851,0.0551752150,0.0524694510,0.0055456320,0.0470407754
-0.0065383753,0.0747169256,0.0678206980,0.0090609686,0.0668596551
-0.0062270109,0.0726028830,0.0664061606,0.0094050700,0.0654057562
-0.0066077253,0.0754206479,0.0680134296,0.0089391666,0.0665639713
-0.0037051579,0.0693586022,0.0633094758,0.0081506316,0.0610016733
-0.0045363288,0.0711883083,0.0646168292,0.0084415190,0.0627905503
-0.0049624811,0.0712670460,0.0647892877,0.0088599147,0.0642071813
-0.0023602485,0.0654662997,0.0591386855,0.0067690974,0.0536890700
-0.0027302224,0.0637545884,0.0575285703,0.0067085745,0.0548604950
0.0009685842,0.0579227954,0.0537113510,0.0046515660,0.0447943397
0.0012728656,0.0592044592,0.0539243147,0.0048196847,0.0453970060
0.0012701624,0.0591985546,0.0539237820,0.0048196437,0.0453953817
0.0065976013,0.0445128791,0.0457374789,0.0004943479,0.0304598510
0.0012701624,0.0591985546,0.0539237820,0.0048196437,0.0453953817
0.0012728656,0.0592044592,0.0539243147,0.0048196847,0.0453970060
0.0065976013,0.0445128791,0.0457374789,0.0004943479,0.0304598510
0.0009685842,0.0579227954,0.0537113510,0.0046515660,0.0447943397
0.0014920067,0.0566952564,0.0513504185,0.0050502904,0.0448175073
0.0025468925,0.0531994589,0.0491784289,0.0026145959,0.0375586972
0.0023719023,0.0524617322,0.0504305139,0.0037920149,0.0387779996
0.0050119022,0.0473536849,0.0463507138,0.0006846986,0.0331179127
0.0027913845,0.0506245419,0.0484476462,0.0037162863,0.0383050777
0.0024026632,0.0561676174,0.0519403517,0.0040444350,0.0432932414
0.0044729421,0.0493811443,0.0477047861,0.0020532347,0.0369114466
0.0041023707,0.0478280783,0.0470565856,0.0029293606,0.0370582342
0.0077118785,0.0447072349,0.0450761318,0.0008848859,0.0329041183
0.0076727057,0.0447549932,0.0449845828,0.0008789436,0.0329445079
0.0040757726,0.0478632897,0.0469757989,0.0029200804,0.0370675996
0.0038942024,0.0478272885,0.0470931567,0.0037824493,0.0383919924
-0.0038611395,0.0724698529,0.0693288222,0.0088947415,0.0650687367
0.0059977300,0.0509861223,0.0542018116,0.0059716566,0.0451443344
0.0059977300,0.0509861223,0.0542018116,0.0059716566,0.0451443344
0.0064134463,0.0445015989,0.0487325713,0.0028610327,0.0390767716
0.0044169058,0.0494962856,0.0497995168,0.0050600288,0.0409900993
0.0044701737,0.0498314276,0.0521848276,0.0054908483,0.0442806631
0.0073233088,0.0427544564,0.0486111194,0.0029876051,0.0364901274
-0.0057994626,0.0723372772,0.0675045997,0.0098115494,0.0661656410
0.0016985592,0.0595826954,0.0577015132,0.0064716199,0.0526531450
0.0057811369,0.0477678366,0.0522152260,0.0045506265,0.0407884493
0.0017562400,0.0593488067,0.0582664870,0.0066173617,0.0516851991
-0.0056696692,0.0694835261,0.0648696870,0.0088010142,0.0634673536
0.0054608183,0.0462152734,0.0486474261,0.0034037987,0.0382035896
0.0016985592,0.0595826954,0.0577015132,0.0064716199,0.0526531450
-0.0057994626,0.0723372772,0.0675045997,0.0098115494,0.0661656410
-0.0056696692,0.0694835261,0.0648696870,0.0088010142,0.0634673536
0.0040981979,0.0542543642,0.0550959185,0.0051654400,0.0462868921
0.0040981979,0.0542543642,0.0550959185,0.0051654400,0.0462868921
0.0054608183,0.0462152734,0.0486474261,0.0034037987,0.0382035896
0.0016527510,0.0602578968,0.0590600409,0.0067957453,0.0537755936
-0.0003068608,0.0638655573,0.0607910827,0.0071692243,0.0575299822
-0.0038504335,0.0697518587,0.0653820634,0.0083635403,0.0643356144
-0.0026567318,0.0718176812,0.0684688166,0.0088842167,0.0648830459
-0.0026481128,0.0718067735,0.0684835091,0.0088792322,0.0648750067
-0.0056080362,0.0781431496,0.0728422850,0.0098927459,0.0716197565
-0.0052666878,0.0737584531,0.0677806437,0.0092307813,0.0678947270
0.0019190938,0.0620566569,0.0593978688,0.0066297166,0.0539328456
0.0019295363,0.0620495602,0.0594275892,0.0066283196,0.0539294332
0.0006041053,0.0605951697,0.0599483848,0.0074405763,0.0553070493
-0.0007618424,0.0670638829,0.0620931759,0.0069990382,0.0582211316
-0.0030716313,0.0674801618,0.0623869598,0.0082314350,0.0614752099
-0.0030663535,0.0674736351,0.0624148287,0.0082206652,0.0614716709
0.0010896383,0.0607808903,0.0577017069,0.0063417610,0.0534882247
0.0037808563,0.0513703711,0.0516633354,0.0050822683,0.0454554483
0.0034364881,0.0541373268,0.0529766604,0.0048260847,0.0468626544
-0.0017542783,0.0642940328,0.0589580424,0.0075193811,0.0568427369
0.0047988491,0.0511069894,0.0531764477,0.0051181614,0.0455327779
0.0034977775,0.0541297942,0.0530695878,0.0048025865,0.0468574874
0.0038240114,0.0513672233,0.0517304689,0.0050770696,0.0454310291
0.0048102033,0.0511043705,0.0532122925,0.0051148897,0.0455360785
-0.0017072109,0.0642553791,0.0590811819,0.0075127939,0.0568351969
0.0027285069,0.0503344648,0.0481647030,0.0047098342,0.0434236154
0.0027265230,0.0513655134,0.0490907766,0.0050885733,0.0441329107
0.0031788643,0.0512035936,0.0497306399,0.0045436583,0.0440387875
0.0027971640,0.0517614000,0.0494379997,0.0048877150,0.0445392206
0.0028083697,0.0517522395,0.0494671129,0.0048883064,0.0445323959
0.0005074322,0.0498767272,0.0470364280,0.0058166245,0.0453082770
0.0035260231,0.0483182259,0.0476245396,0.0041490439,0.0421451479
0.0021442242,0.0509926602,0.0486137420,0.0052044597,0.0444766134
0.0033849897,0.0513701327,0.0500027649,0.0045992043,0.0441424251
0.0031990297,0.0518343113,0.0504465625,0.0053723380,0.0451073609
0.0030578771,0.0532889366,0.0541023128,0.0057436237,0.0482357070
0.0005026975,0.0498767570,0.0469970331,0.0058128405,0.0453197137
0.0002547458,0.0631622598,0.0626038238,0.0081924479,0.0584450029
-0.0024116738,0.0674710348,0.0647662506,0.0088260267,0.0625339225
0.0049502533,0.0453980640,0.0482781939,0.0041012103,0.0397143327
0.0040184585,0.0539781004,0.0544553399,0.0048570475,0.0458204895
0.0038625551,0.0577681735,0.0580135621,0.0056899218,0.0498617589
0.0047324896,0.0511536598,0.0518587902,0.0039219819,0.0416898429
0.0039118286,0.0507086888,0.0508709475,0.0050456803,0.0438266844
0.0045813639,0.0470480695,0.0484520569,0.0030003916,0.0379843675
0.0033389812,0.0498332754,0.0520091578,0.0056543541,0.0442626737
0.0036953297,0.0516382977,0.0514483154,0.0050743874,0.0448177904
0.0047543999,0.0528810732,0.0540434606,0.0044337939,0.0460354313
0.0028323811,0.0500630066,0.0511771180,0.0053765350,0.0433517769
0.0036953297,0.0516382977,0.0514483154,0.0050743874,0.0448177904
0.0047543999,0.0528810732,0.0540434606,0.0044337939,0.0460354313
0.0022391134,0.0584641211,0.0577382371,0.0062336419,0.0512248650
0.0040792492,0.0480536856,0.0479241535,0.0031698104,0.0389795080
0.0082007274,0.0361566879,0.0397186503,0.0008432022,0.0283297785
0.0061887577,0.0473489724,0.0505842157,0.0019540396,0.0393217392
0.0041470518,0.0557355359,0.0541721806,0.0047279028,0.0468142480
0.0032539116,0.0508527160,0.0500804111,0.0048162509,0.0439992659
0.0034207539,0.0549129918,0.0554975271,0.0050820848,0.0479434431
0.0022391134,0.0584641211,0.0577382371,0.0062336419,0.0512248650
0.0047666533,0.0471831225,0.0480557755,0.0035235649,0.0391984805
0.0079653673,0.0429110862,0.0485188849,0.0016491595,0.0361653715
0.0077574463,0.0429927222,0.0481658205,0.0015951525,0.0362723246
0.0029364363,0.0560481995,0.0566733219,0.0060164891,0.0498564467
0.0105635654,0.0361283086,0.0389205888,0.0022177896,0.0295721889
0.0108477697,0.0340843461,0.0376175493,0.0024567423,0.0257839374
0.0097479941,0.0355410129,0.0388138480,0.0022708429,0.0296720751
0.0099241789,0.0351207815,0.0386787094,0.0027595111,0.0294493996
0.0084194941,0.0360432193,0.0392583311,0.0016308716,0.0296627283
0.0030205084,0.0515363254,0.0525924042,0.0057569202,0.0460088700
0.0110661350,0.0345930867,0.0380591527,0.0023023603,0.0267878100
0.0023567495,0.0504438505,0.0514910519,0.0054784436,0.0451922417
0.0100954883,0.0323262177,0.0332612619,0.0017326893,0.0199689008
0.0100954883,0.0323262177,0.0332612619,0.0017326893,0.0199689008
0.0109315664,0.0334622301,0.0361513570,0.0025635767,0.0237213112
0.0113747865,0.0367876217,0.0405644774,0.0025252639,0.0303583723
0.0107595213,0.0335144922,0.0369476601,0.0026947516,0.0265985131
0.0033319439,0.0470745862,0.0482421443,0.0050518997,0.0417813063
-0.0002823716,0.0587503798,0.0591069013,0.0077292789,0.0544011630
0.0108999880,0.0356813818,0.0395474508,0.0015113084,0.0276892614
0.0123770842,0.0353630558,0.0384703130,0.0018505785,0.0271599814
0.0123822186,0.0353468768,0.0384932011,0.0018514670,0.0271610599
0.0109427953,0.0339614488,0.0373273343,0.0026869569,0.0267485213
0.0077014551,0.0338357314,0.0378048047,0.0012899828,0.0273635760
0.0041692872,0.0423274860,0.0441956669,0.0034323693,0.0368191227
0.0017012453,0.0524990559,0.0529463552,0.0057043154,0.0471585691
0.0111147482,0.0363147594,0.0400197394,0.0018441821,0.0292140134
0.0030564913,0.0465834662,0.0475901999,0.0049027414,0.0413989946
0.0097886901,0.0334777348,0.0374648347,0.0018478706,0.0242358819
0.0107481824,0.0333371498,0.0354269519,0.0019346764,0.0217079669
0.0073086601,0.0400172286,0.0430229194,0.0008302396,0.0314426124
0.0054864334,0.0422312841,0.0452927202,0.0017574951,0.0348057449
0.0073086601,0.0400172286,0.0430229194,0.0008302396,0.0314426124
0.0028620921,0.0508009195,0.0519714542,0.0052925069,0.0455917567
0.0088314628,0.0420915745,0.0482198335,0.0022279280,0.0375158004
0.0045781564,0.0450082459,0.0479195192,0.0043296418,0.0393868871
0.0054864334,0.0422312841,0.0452927202,0.0017574951,0.0348057449
0.0046031955,0.0449984372,0.0479462296,0.0043223230,0.0393935330
0.0026024906,0.0504905656,0.0496736020,0.0051819487,0.0447161347
0.0026024906,0.0504905656,0.0496736020,0.0051819487,0.0447161347
0.0055976580,0.0483183637,0.0506596714,0.0043038558,0.0416329205
0.0065596923,0.0445555598,0.0479707122,0.0028157155,0.0385230929
0.0117681595,0.0284873638,0.0296705253,0.0043247715,0.0168034099
0.0113388775,0.0365225226,0.0411947817,0.0023306464,0.0283831302
0.0113388775,0.0365225226,0.0411947817,0.0023306464,0.0283831302
0.0093446709,0.0337956138,0.0391651765,0.0027919067,0.0283714868
0.0116809718,0.0353858359,0.0406492278,0.0030345647,0.0287995264
0.0109067373,0.0304388683,0.0340742283,0.0027456111,0.0210127886
0.0092107644,0.0335058086,0.0398548767,0.0021771556,0.0275146738
0.0111105721,0.0370832607,0.0424944647,0.0025183344,0.0314599685
0.0050077601,0.0460281596,0.0488747805,0.0041463072,0.0398157015
0.0056872736,0.0419521295,0.0460723266,0.0033009327,0.0355167389
0.0086509408,0.0311196242,0.0355904251,0.0021264791,0.0203512106
0.0056929579,0.0419466421,0.0460666716,0.0032984950,0.0355153084
0.0050052661,0.0460245349,0.0488656200,0.0041457489,0.0398214236
0.0085998680,0.0311763994,0.0354360268,0.0020932457,0.0203650296
0.0091863703,0.0400195047,0.0469688438,0.0021900954,0.0351979770
0.0103116473,0.0332969911,0.0385638326,0.0025172690,0.0280140359
0.0072292457,0.0385382175,0.0437178984,0.0028094118,0.0340295695
0.0052401596,0.0423833542,0.0459592827,0.0040073954,0.0377368480
0.0045223543,0.0436328240,0.0468147881,0.0044374340,0.0380973481
0.0058003478,0.0401603393,0.0455036871,0.0033166953,0.0348735675
0.0045223543,0.0436328240,0.0468147881,0.0044374340,0.0380973481
0.0052401596,0.0423833542,0.0459592827,0.0040073954,0.0377368480
0.0058003478,0.0401603393,0.0455036871,0.0033166953,0.0348735675
0.0055935476,0.0449096262,0.0488002822,0.0043194126,0.0397605300
